{"episode": 10, "step": 667, "_timestamp": 1711255193.1488848, "_runtime": 11150.92363166809, "_step": 16763, "reward": 0, "immovable_interactions": 10, "movable_interactions": 0, "cummulative_reward": 169}